Grocery	133251	/browsestores.aspx?N=133251	null
Automotive, Car & Truck	133249	/browsestores.aspx?N=133249	null
ATV's, Scooters, & Go Karts	133287	/browsestores.aspx?N=133287	133249
ATV Accessories	134669	/browsestores.aspx?N=134669	133287
Scooters	134667	/browsestores.aspx?N=134667	133287
Automotive and Car Accessories	133273	/browsestores.aspx?N=133273	133249
Automotive Bicycle Racks	135040	/browsestores.aspx?N=135040	133273
Automotive Seat Cushions & Floor Mats	135039	/browsestores.aspx?N=135039	133273
Car Electronics	14424865	/browsestores.aspx?N=14424865	133273
Exterior	135044	/browsestores.aspx?N=135044	133273
Miscellaneous Automotive Accessories	135042	/browsestores.aspx?N=135042	133273
Batteries	133286	/browsestores.aspx?N=133286	133249
Battery Accessories	135297	/browsestores.aspx?N=135297	133286
Car Batteries	135300	/browsestores.aspx?N=135300	133286
Car Care & Cleaners	133275	/browsestores.aspx?N=133275	133249
Car Care	134381	/browsestores.aspx?N=134381	133275
Car Cleaners & Protectants	134378	/browsestores.aspx?N=134378	133275
Car Polish & Wax	134377	/browsestores.aspx?N=134377	133275
Miscellaneous Car Care Products	134380	/browsestores.aspx?N=134380	133275
Oil, Lubricants, & Fluids	133278	/browsestores.aspx?N=133278	133249
Anti-Freeze Fluid	134540	/browsestores.aspx?N=134540	133278
Motor Oil & Oil Treatments	134542	/browsestores.aspx?N=134542	133278
ATV's, Scooters, & Go Karts	133287	/browsestores.aspx?N=133287	133249
Auto Repair, Detailing, & Other Services	133281	/browsestores.aspx?N=133281	133249
Automotive and Car Accessories	133273	/browsestores.aspx?N=133273	133249
Automotive Tools	133274	/browsestores.aspx?N=133274	133249
Batteries	133286	/browsestores.aspx?N=133286	133249
Car Care & Cleaners	133275	/browsestores.aspx?N=133275	133249
Oil, Lubricants, & Fluids	133278	/browsestores.aspx?N=133278	133249
Tires & Accessories	133279	/browsestores.aspx?N=133279	133249
Truck Accessories	133283	/browsestores.aspx?N=133283	133249
Baby and Toddler	133232	/browsestores.aspx?N=133232	null
Accessories	133731	/browsestores.aspx?N=133731	133232
Diaper Bags	133723	/browsestores.aspx?N=133723	133232
Health and Hygiene	133726	/browsestores.aspx?N=133726	133232
Infant & Toddler Clothing	133732	/browsestores.aspx?N=133732	133232
Nursing & Feeding	133724	/browsestores.aspx?N=133724	133232
Accessories	133731	/browsestores.aspx?N=133731	133232
Baby Activity	309561	/browsestores.aspx?N=309561	133232
Baby and Toddler Toys	133729	/browsestores.aspx?N=133729	133232
Baby Bedding and Linens	133730	/browsestores.aspx?N=133730	133232
Baby Gifts	309560	/browsestores.aspx?N=309560	133232
Car Seats	309563	/browsestores.aspx?N=309563	133232
Carriers	309564	/browsestores.aspx?N=309564	133232
Child Safety	133727	/browsestores.aspx?N=133727	133232
Cribs and Bassinets	309566	/browsestores.aspx?N=309566	133232
Diaper Bags	133723	/browsestores.aspx?N=133723	133232
Health and Hygiene	133726	/browsestores.aspx?N=133726	133232
Infant & Toddler Clothing	133732	/browsestores.aspx?N=133732	133232
Infant & Toddler Shoes	309565	/browsestores.aspx?N=309565	133232
Nursery Furniture	133725	/browsestores.aspx?N=133725	133232
Nursing & Feeding	133724	/browsestores.aspx?N=133724	133232
Strollers	309562	/browsestores.aspx?N=309562	133232
Boating, Sailing and Marine	133254	/browsestores.aspx?N=133254	null
Boats, Motors, & Trailers	133794	/browsestores.aspx?N=133794	133254
Electrical & Ventilation	133795	/browsestores.aspx?N=133795	133254
Electronics & Navigation	133804	/browsestores.aspx?N=133804	133254
Safety	133807	/browsestores.aspx?N=133807	133254
Life Jackets	134635	/browsestores.aspx?N=134635	133807
Safety Harness	134636	/browsestores.aspx?N=134636	133807
Seating & Covers	133809	/browsestores.aspx?N=133809	133254
Clothing and Apparel	133263	/browsestores.aspx?N=133263	null
Children's Apparel	168607	/browsestores.aspx?N=168607	133263
Boy's Accessories	299361	/browsestores.aspx?N=299361	168607
Boy's Chinos & Khakis	299363	/browsestores.aspx?N=299363	168607
Boy's Shirts	299360	/browsestores.aspx?N=299360	168607
Children's Socks & Underwear	225120	/browsestores.aspx?N=225120	168607
Girl's Accessories	225113	/browsestores.aspx?N=225113	168607
Boy's Accessories	299361	/browsestores.aspx?N=299361	168607
Boy's Chinos & Khakis	299363	/browsestores.aspx?N=299363	168607
Boy's Coats	299362	/browsestores.aspx?N=299362	168607
Boy's Jeans	299364	/browsestores.aspx?N=299364	168607
Boy's Shirts	299360	/browsestores.aspx?N=299360	168607
Children's Fleecewear	262461	/browsestores.aspx?N=262461	168607
Children's Miscellaneous Apparel	225126	/browsestores.aspx?N=225126	168607
Children's Shorts	225115	/browsestores.aspx?N=225115	168607
Children's Sleepwear	225121	/browsestores.aspx?N=225121	168607
Children's Socks & Underwear	225120	/browsestores.aspx?N=225120	168607
Children's Sweaters & Sweatshirts	225122	/browsestores.aspx?N=225122	168607
Children's T-Shirts & Tank Tops	225127	/browsestores.aspx?N=225127	168607
Girl's  Jeans	225114	/browsestores.aspx?N=225114	168607
Girl's Accessories	225113	/browsestores.aspx?N=225113	168607
Girl's Chinos & Khakis	225116	/browsestores.aspx?N=225116	168607
Girl's Coats	225118	/browsestores.aspx?N=225118	168607
Girl's Dresses & Skirts	225117	/browsestores.aspx?N=225117	168607
Girl's Shirts	225119	/browsestores.aspx?N=225119	168607
Men's Accessories	133436	/browsestores.aspx?N=133436	133263
Men's Belts	135688	/browsestores.aspx?N=135688	133436
Men's Gloves	135691	/browsestores.aspx?N=135691	133436
Men's Neckwear	135514	/browsestores.aspx?N=135514	133436
Men's Wallets	135701	/browsestores.aspx?N=135701	133436
Men's Underwear & Sleepwear	133446	/browsestores.aspx?N=133446	133263
Men's Long Johns & Thermals	136155	/browsestores.aspx?N=136155	133446
Men's Pajamas & Robes	136156	/browsestores.aspx?N=136156	133446
Men's Socks	228051	/browsestores.aspx?N=228051	133446
Men's T-shirts	136158	/browsestores.aspx?N=136158	133446
Men's Underwear	136159	/browsestores.aspx?N=136159	133446
Men's Long Johns & Thermals	136155	/browsestores.aspx?N=136155	133446
Men's Miscellaneous Underwear & Sleepwear	136154	/browsestores.aspx?N=136154	133446
Men's Pajamas & Robes	136156	/browsestores.aspx?N=136156	133446
Men's Socks	228051	/browsestores.aspx?N=228051	133446
Men's T-shirts	136158	/browsestores.aspx?N=136158	133446
Men's Underwear	136159	/browsestores.aspx?N=136159	133446
Sunglasses	228061	/browsestores.aspx?N=228061	133263
Women's Accessories	133460	/browsestores.aspx?N=133460	133263
Women's Bags	177233	/browsestores.aspx?N=177233	133460
Women's Belts	135523	/browsestores.aspx?N=135523	133460
Women's Hats	135526	/browsestores.aspx?N=135526	133460
Women's Hosiery	135527	/browsestores.aspx?N=135527	133460
Women's Scarves & Wraps	135531	/browsestores.aspx?N=135531	133460
Women's Bags	177233	/browsestores.aspx?N=177233	133460
Women's Belts	135523	/browsestores.aspx?N=135523	133460
Women's Gloves	135524	/browsestores.aspx?N=135524	133460
Women's Hats	135526	/browsestores.aspx?N=135526	133460
Women's Hosiery	135527	/browsestores.aspx?N=135527	133460
Women's Miscellaneous Apparel Accessories	135529	/browsestores.aspx?N=135529	133460
Women's Scarves & Wraps	135531	/browsestores.aspx?N=135531	133460
Women's Wallets	135532	/browsestores.aspx?N=135532	133460
Boys' Sporting Apparel	133420	/browsestores.aspx?N=133420	133263
Boys' Football Apparel	135507	/browsestores.aspx?N=135507	133420
Boys' Miscellaneous Sporting Apparel	135504	/browsestores.aspx?N=135504	133420
Boys' Soccer Apparel	135506	/browsestores.aspx?N=135506	133420
Children's Apparel	168607	/browsestores.aspx?N=168607	133263
Girls' Sporting Apparel	133429	/browsestores.aspx?N=133429	133263
Girls' Fitness Apparel	135677	/browsestores.aspx?N=135677	133429
Girls' Miscellaneous Sporting Apparel	135678	/browsestores.aspx?N=135678	133429
Juniors' Accessories	136139	/browsestores.aspx?N=136139	133263
Juniors' Dresses & Skirts	133434	/browsestores.aspx?N=133434	133263
Juniors' Dresses	136138	/browsestores.aspx?N=136138	133434
Juniors' Skirts & Skorts	225137	/browsestores.aspx?N=225137	133434
Juniors' Miscellaneous Apparel	225138	/browsestores.aspx?N=225138	133263
Juniors' Additional Sizes	225142	/browsestores.aspx?N=225142	225138
Juniors' Coordinates	225140	/browsestores.aspx?N=225140	225138
Juniors' Other	225141	/browsestores.aspx?N=225141	225138
Juniors' Outerwear	225129	/browsestores.aspx?N=225129	133263
Juniors' Blazers & Jackets	225130	/browsestores.aspx?N=225130	225129
Juniors' Vests	225131	/browsestores.aspx?N=225131	225129
Juniors' Pants & Shorts	136141	/browsestores.aspx?N=136141	133263
Juniors' Chinos & Khakis	233965	/browsestores.aspx?N=233965	136141
Juniors' Jeans	233964	/browsestores.aspx?N=233964	136141
Juniors' Shorts	225132	/browsestores.aspx?N=225132	136141
Juniors' Sleepwear & Underwear	225133	/browsestores.aspx?N=225133	133263
Juniors' Panties	233968	/browsestores.aspx?N=233968	225133
Juniors' Socks	233969	/browsestores.aspx?N=233969	225133
Juniors' Swim & Activewear	225134	/browsestores.aspx?N=225134	133263
Juniors' Tops	136142	/browsestores.aspx?N=136142	133263
Juniors' Shirts & Blouses	233959	/browsestores.aspx?N=233959	136142
Junior's Sweaters	225128	/browsestores.aspx?N=225128	136142
Juniors' Sweatshirts	233960	/browsestores.aspx?N=233960	136142
Juniors' T-Shirts & Tank Tops	233961	/browsestores.aspx?N=233961	136142
Maternity Dresses & Skirts	133435	/browsestores.aspx?N=133435	133263
Maternity Miscellaneous Apparel	225148	/browsestores.aspx?N=225148	133263
Maternity Tops	225146	/browsestores.aspx?N=225146	133263
Men's Accessories	133436	/browsestores.aspx?N=133436	133263
Men's Athletic Clothing	133437	/browsestores.aspx?N=133437	133263
Men's Aerobics & Fitness Apparel	135703	/browsestores.aspx?N=135703	133437
Men's Fishing Apparel	135713	/browsestores.aspx?N=135713	133437
Men's Football Apparel	135714	/browsestores.aspx?N=135714	133437
Men's Running Apparel	135811	/browsestores.aspx?N=135811	133437
Men's Soccer Apparel	135814	/browsestores.aspx?N=135814	133437
Men's Aerobics & Fitness Apparel	135703	/browsestores.aspx?N=135703	133437
Men's Camping & Hiking Apparel	135709	/browsestores.aspx?N=135709	133437
Men's Cycling Apparel	135711	/browsestores.aspx?N=135711	133437
Men's Fishing Apparel	135713	/browsestores.aspx?N=135713	133437
Men's Football Apparel	135714	/browsestores.aspx?N=135714	133437
Men's Golf Apparel	135716	/browsestores.aspx?N=135716	133437
Men's Hunting Apparel	135809	/browsestores.aspx?N=135809	133437
Men's Miscellaneous Sporting Apparel	135810	/browsestores.aspx?N=135810	133437
Men's Running Apparel	135811	/browsestores.aspx?N=135811	133437
Men's Soccer Apparel	135814	/browsestores.aspx?N=135814	133437
Men's Miscellaneous Apparel	228057	/browsestores.aspx?N=228057	133263
Rain Gear	228060	/browsestores.aspx?N=228060	228057
Men's Pants & Shorts	133457	/browsestores.aspx?N=133457	133263
Men's Chinos & Khakis	136167	/browsestores.aspx?N=136167	133457
Men's Dress Pants	136168	/browsestores.aspx?N=136168	133457
Men's Jeans	136169	/browsestores.aspx?N=136169	133457
Men's Shorts	136171	/browsestores.aspx?N=136171	133457
Men's Shirts & Tops	133459	/browsestores.aspx?N=133459	133263
Men's Polos	233976	/browsestores.aspx?N=233976	133459
Men's Shirts	135519	/browsestores.aspx?N=135519	133459
Men's Sweaters	228052	/browsestores.aspx?N=228052	133459
Men's Sweatshirts	233977	/browsestores.aspx?N=233977	133459
Men's Suits, Coats & Blazers	133440	/browsestores.aspx?N=133440	133263
Men's Coats	135208	/browsestores.aspx?N=135208	133440
Men's Sportcoats & Blazers	228053	/browsestores.aspx?N=228053	133440
Men's Suits	228054	/browsestores.aspx?N=228054	133440
Men's Swim & Activewear	228055	/browsestores.aspx?N=228055	133263
Men's Underwear & Sleepwear	133446	/browsestores.aspx?N=133446	133263
Other Clothing & Apparel	288088	/browsestores.aspx?N=288088	133263
Sunglasses	228061	/browsestores.aspx?N=228061	133263
Women's Accessories	133460	/browsestores.aspx?N=133460	133263
Women's Athletic Clothing	133449	/browsestores.aspx?N=133449	133263
Women's Aerobics & Fitness Apparel	135211	/browsestores.aspx?N=135211	133449
Women's Cycling Apparel	135219	/browsestores.aspx?N=135219	133449
Women's Miscellaneous Sporting Apparel	135225	/browsestores.aspx?N=135225	133449
Women's Running Apparel	135226	/browsestores.aspx?N=135226	133449
Women's Soccer Apparel	135230	/browsestores.aspx?N=135230	133449
Women's Aerobics & Fitness Apparel	135211	/browsestores.aspx?N=135211	133449
Women's Cycling Apparel	135219	/browsestores.aspx?N=135219	133449
Women's Golf Apparel	135223	/browsestores.aspx?N=135223	133449
Women's Miscellaneous Sporting Apparel	135225	/browsestores.aspx?N=135225	133449
Women's Running Apparel	135226	/browsestores.aspx?N=135226	133449
Women's Soccer Apparel	135230	/browsestores.aspx?N=135230	133449
Women's Dresses & Skirts	133452	/browsestores.aspx?N=133452	133263
Women's Dresses	198669	/browsestores.aspx?N=198669	133452
Women's Formal Dresses	228063	/browsestores.aspx?N=228063	133452
Women's Skirts & Skorts	135842	/browsestores.aspx?N=135842	133452
Women's Intimates	133462	/browsestores.aspx?N=133462	133263
Women's Bras	136173	/browsestores.aspx?N=136173	133462
Women's Miscellaneous Intimates	136177	/browsestores.aspx?N=136177	133462
Women's Panties	136181	/browsestores.aspx?N=136181	133462
Women's Robes, Sleep & Lounge Wear	136182	/browsestores.aspx?N=136182	133462
Women's Socks	228064	/browsestores.aspx?N=228064	133462
Women's Bras	136173	/browsestores.aspx?N=136173	133462
Women's Lingerie	136184	/browsestores.aspx?N=136184	133462
Women's Long Underwear	234001	/browsestores.aspx?N=234001	133462
Women's Miscellaneous Intimates	136177	/browsestores.aspx?N=136177	133462
Women's Panties	136181	/browsestores.aspx?N=136181	133462
Women's Robes, Sleep & Lounge Wear	136182	/browsestores.aspx?N=136182	133462
Women's Socks	228064	/browsestores.aspx?N=228064	133462
Women's Miscellaneous Clothing	228081	/browsestores.aspx?N=228081	133263
Women's Work Clothing	228082	/browsestores.aspx?N=228082	228081
Women's Pants & Shorts	228065	/browsestores.aspx?N=228065	133263
Woman's Jeans	228068	/browsestores.aspx?N=228068	228065
Women's Chinos & Khakis	228066	/browsestores.aspx?N=228066	228065
Women's Dress Pants	228067	/browsestores.aspx?N=228067	228065
Women's Shorts	228069	/browsestores.aspx?N=228069	228065
Women's Suits, Coats & Blazers	228070	/browsestores.aspx?N=228070	133263
Women's Blazers	228071	/browsestores.aspx?N=228071	228070
Women's Coats	228072	/browsestores.aspx?N=228072	228070
Women's Jackets & Vests	228073	/browsestores.aspx?N=228073	228070
Women's Swim & Activewear	228075	/browsestores.aspx?N=228075	133263
Women's Activewear	228077	/browsestores.aspx?N=228077	228075
Women's Swimwear	228076	/browsestores.aspx?N=228076	228075
Women's Tops	228078	/browsestores.aspx?N=228078	133263
Women's Shirts & Blouses	228079	/browsestores.aspx?N=228079	228078
Women's Sweaters	228080	/browsestores.aspx?N=228080	228078
Women's Sweatshirts	234003	/browsestores.aspx?N=234003	228078
Women's T-Shirts & Tank Tops	234004	/browsestores.aspx?N=234004	228078
Young Men's Outerwear	234235	/browsestores.aspx?N=234235	133263
Young Men's Pants & Shorts	237277	/browsestores.aspx?N=237277	133263
Pants & Shorts	237278	/browsestores.aspx?N=237278	237277
Young Men's Jeans	237279	/browsestores.aspx?N=237279	237277
Young Men's Swim & Activewear	234242	/browsestores.aspx?N=234242	133263
Young Men's Tops	133456	/browsestores.aspx?N=133456	133263
Young Men's Shirts	135391	/browsestores.aspx?N=135391	133456
Young Men's Sweatshirts	234392	/browsestores.aspx?N=234392	133456
Community	133258	/browsestores.aspx?N=133258	null
Computers and Software	133250	/browsestores.aspx?N=133250	null
Computer Systems	133290	/browsestores.aspx?N=133290	133250
Barebone Systems	281997	/browsestores.aspx?N=281997	133290
Desktop Computers	135241	/browsestores.aspx?N=135241	133290
Laptop Computers	135242	/browsestores.aspx?N=135242	133290
Miscellaneous Computer Systems	135244	/browsestores.aspx?N=135244	133290
Memory Cards	217887	/browsestores.aspx?N=217887	133250
Compact Flash	217888	/browsestores.aspx?N=217888	217887
Memory Sticks	217889	/browsestores.aspx?N=217889	217887
Secure Digital	217891	/browsestores.aspx?N=217891	217887
Monitors, Audio, & Video	133292	/browsestores.aspx?N=133292	133250
Computer Monitors	135258	/browsestores.aspx?N=135258	133292
Computer Speakers	135264	/browsestores.aspx?N=135264	133292
LCD Flat Panel Displays	135260	/browsestores.aspx?N=135260	133292
Multimedia Projectors	135261	/browsestores.aspx?N=135261	133292
Video & Graphics Cards	135265	/browsestores.aspx?N=135265	133292
Network Products	133296	/browsestores.aspx?N=133296	133250
IP Phones	217897	/browsestores.aspx?N=217897	133296
Miscellaneous Computer Network Products	134833	/browsestores.aspx?N=134833	133296
Network Adaptors	217896	/browsestores.aspx?N=217896	133296
Routers	217901	/browsestores.aspx?N=217901	133296
Wireless	217894	/browsestores.aspx?N=217894	133296
IP Phones	217897	/browsestores.aspx?N=217897	133296
Miscellaneous Computer Network Products	134833	/browsestores.aspx?N=134833	133296
Modems	217899	/browsestores.aspx?N=217899	133296
Network Adaptors	217896	/browsestores.aspx?N=217896	133296
Routers	217901	/browsestores.aspx?N=217901	133296
Wireless	217894	/browsestores.aspx?N=217894	133296
Printers & Scanners	133293	/browsestores.aspx?N=133293	133250
Ink Cartridges, Toner & Ribbons	14391296	/browsestores.aspx?N=14391296	133293
Ink Jet Printers	135054	/browsestores.aspx?N=135054	133293
Laser Printers	135055	/browsestores.aspx?N=135055	133293
Multi-Function Printers	135058	/browsestores.aspx?N=135058	133293
Scanners	135048	/browsestores.aspx?N=135048	133293
Ink Cartridges, Toner & Ribbons	14391296	/browsestores.aspx?N=14391296	133293
Ink Jet Printers	135054	/browsestores.aspx?N=135054	133293
Laser Printers	135055	/browsestores.aspx?N=135055	133293
Multi-Function Printers	135058	/browsestores.aspx?N=135058	133293
Photo Printers	135047	/browsestores.aspx?N=135047	133293
Scanners	135048	/browsestores.aspx?N=135048	133293
Computer Components & Peripherals	133294	/browsestores.aspx?N=133294	133250
Computer Keyboards	134522	/browsestores.aspx?N=134522	133294
Input Devices	134523	/browsestores.aspx?N=134523	133294
Label Makers and Supplies	134822	/browsestores.aspx?N=134822	133294
Laptop Accessories	240454	/browsestores.aspx?N=240454	133294
Web Cameras	259522	/browsestores.aspx?N=259522	133294
Circuit Protection & Surge Protectors	134525	/browsestores.aspx?N=134525	133294
Computer & Printer Cables	134520	/browsestores.aspx?N=134520	133294
Computer Covers & Carrying Cases	134521	/browsestores.aspx?N=134521	133294
Computer Keyboards	134522	/browsestores.aspx?N=134522	133294
Computer Power Supplies	134526	/browsestores.aspx?N=134526	133294
Headsets	134530	/browsestores.aspx?N=134530	133294
Input Devices	134523	/browsestores.aspx?N=134523	133294
Label Makers and Supplies	134822	/browsestores.aspx?N=134822	133294
Laptop Accessories	240454	/browsestores.aspx?N=240454	133294
Mouse/Wrist Pads	134823	/browsestores.aspx?N=134823	133294
Web Cameras	259522	/browsestores.aspx?N=259522	133294
Computer Memory & Data Storage Systems	133291	/browsestores.aspx?N=133291	133250
Blank Disks, CDs, & DVDs	135245	/browsestores.aspx?N=135245	133291
External & Portable Hard Drives	135250	/browsestores.aspx?N=135250	133291
Internal Hard Drives	135251	/browsestores.aspx?N=135251	133291
Memory & Upgrades	135252	/browsestores.aspx?N=135252	133291
USB Flash/Jump Drives	135257	/browsestores.aspx?N=135257	133291
Computer Services	133301	/browsestores.aspx?N=133301	133250
Internet Service Providers	136189	/browsestores.aspx?N=136189	133301
Service Plans & Warranties	305350	/browsestores.aspx?N=305350	133301
Computer Systems	133290	/browsestores.aspx?N=133290	133250
Handhelds, PDAs & Accessories	133299	/browsestores.aspx?N=133299	133250
Memory Cards	217887	/browsestores.aspx?N=217887	133250
Monitors, Audio, & Video	133292	/browsestores.aspx?N=133292	133250
Network Products	133296	/browsestores.aspx?N=133296	133250
Printers & Scanners	133293	/browsestores.aspx?N=133293	133250
Software	133295	/browsestores.aspx?N=133295	133250
Financial Software	135060	/browsestores.aspx?N=135060	133295
Multimedia & Graphics Software	135063	/browsestores.aspx?N=135063	133295
Office Software	135064	/browsestores.aspx?N=135064	133295
Utility Software	135067	/browsestores.aspx?N=135067	133295
Voice Recognition Software	135069	/browsestores.aspx?N=135069	133295
Educational Software	135059	/browsestores.aspx?N=135059	133295
Financial Software	135060	/browsestores.aspx?N=135060	133295
Internet & Virus Protection Software	135062	/browsestores.aspx?N=135062	133295
Miscellaneous Computer Software	135070	/browsestores.aspx?N=135070	133295
Multimedia & Graphics Software	135063	/browsestores.aspx?N=135063	133295
Office Software	135064	/browsestores.aspx?N=135064	133295
Operating System Software	135065	/browsestores.aspx?N=135065	133295
Software Games	135061	/browsestores.aspx?N=135061	133295
Utility Software	135067	/browsestores.aspx?N=135067	133295
Voice Recognition Software	135069	/browsestores.aspx?N=135069	133295
Consumer Electronics	133246	/browsestores.aspx?N=133246	null
Batteries	208155	/browsestores.aspx?N=208155	133246
Battery Chargers	208161	/browsestores.aspx?N=208161	208155
Cameras	133381	/browsestores.aspx?N=133381	133246
Digital Camera Accessories	248038	/browsestores.aspx?N=248038	133381
Digital Cameras	208110	/browsestores.aspx?N=208110	133381
Film and Disposable Cameras	134267	/browsestores.aspx?N=134267	133381
Home Audio and Theater	133385	/browsestores.aspx?N=133385	133246
Audio and Video Media	14391291	/browsestores.aspx?N=14391291	133385
Cables and Connectors	208154	/browsestores.aspx?N=208154	133385
DVD Players, Recorders and Portables	208152	/browsestores.aspx?N=208152	133385
Home AV Accessories	208156	/browsestores.aspx?N=208156	133385
Speakers & Subwoofers	134274	/browsestores.aspx?N=134274	133385
Amplifiers and Pre-Amps	134270	/browsestores.aspx?N=134270	133385
Audio and Video Media	14391291	/browsestores.aspx?N=14391291	133385
Cables and Connectors	208154	/browsestores.aspx?N=208154	133385
DVD Players, Recorders and Portables	208152	/browsestores.aspx?N=208152	133385
Home AV Accessories	208156	/browsestores.aspx?N=208156	133385
Home Theater Systems	134124	/browsestores.aspx?N=134124	133385
Karaoke	208150	/browsestores.aspx?N=208150	133385
Other Home Audio and Theater	134125	/browsestores.aspx?N=134125	133385
Receivers & Tuners	134273	/browsestores.aspx?N=134273	133385
Shelf and Mini Systems	134279	/browsestores.aspx?N=134279	133385
Speakers & Subwoofers	134274	/browsestores.aspx?N=134274	133385
Photographic Accessories	208140	/browsestores.aspx?N=208140	133246
Batteries	208144	/browsestores.aspx?N=208144	208140
Camera Film	259523	/browsestores.aspx?N=259523	208140
Cases and Bags	208146	/browsestores.aspx?N=208146	208140
Other Photo Accessories	208141	/browsestores.aspx?N=208141	208140
Tripods	208143	/browsestores.aspx?N=208143	208140
Batteries	208144	/browsestores.aspx?N=208144	208140
Camera Film	259523	/browsestores.aspx?N=259523	208140
Cases and Bags	208146	/browsestores.aspx?N=208146	208140
Digital Picture Frames	208148	/browsestores.aspx?N=208148	208140
Lenses	208145	/browsestores.aspx?N=208145	208140
Other Photo Accessories	208141	/browsestores.aspx?N=208141	208140
Tripods	208143	/browsestores.aspx?N=208143	208140
Portable Audio & Radio	133386	/browsestores.aspx?N=133386	133246
Clock Radios	208112	/browsestores.aspx?N=208112	133386
Headphones	208119	/browsestores.aspx?N=208119	133386
Microcassette Recorders	221393	/browsestores.aspx?N=221393	133386
Portable Accessories	133968	/browsestores.aspx?N=133968	133386
Radios	208115	/browsestores.aspx?N=208115	133386
Boomboxes	133969	/browsestores.aspx?N=133969	133386
Clock Radios	208112	/browsestores.aspx?N=208112	133386
Headphones	208119	/browsestores.aspx?N=208119	133386
Microcassette Recorders	221393	/browsestores.aspx?N=221393	133386
Portable Accessories	133968	/browsestores.aspx?N=133968	133386
Radios	208115	/browsestores.aspx?N=208115	133386
Satellite Radio	208118	/browsestores.aspx?N=208118	133386
Batteries	208155	/browsestores.aspx?N=208155	133246
Camcorders	133380	/browsestores.aspx?N=133380	133246
Camcorder Accessories	133966	/browsestores.aspx?N=133966	133380
Cameras	133381	/browsestores.aspx?N=133381	133246
Cellular Telephones	133368	/browsestores.aspx?N=133368	133246
Cellular Batteries	135861	/browsestores.aspx?N=135861	133368
Cellular Phone Cases	135863	/browsestores.aspx?N=135863	133368
Cellular Phones and Devices	135865	/browsestores.aspx?N=135865	133368
Other Cellular Phone Accessories	135867	/browsestores.aspx?N=135867	133368
GPS Systems	133366	/browsestores.aspx?N=133366	133246
Automotive GPS Systems	208174	/browsestores.aspx?N=208174	133366
GPS Accessories	134851	/browsestores.aspx?N=134851	133366
Marine GPS Systems	208172	/browsestores.aspx?N=208172	133366
Outdoor GPS Systems	208173	/browsestores.aspx?N=208173	133366
Home Audio and Theater	133385	/browsestores.aspx?N=133385	133246
iPods, MP3 and Media Players	133371	/browsestores.aspx?N=133371	133246
iPod & MP3 Accessories	135875	/browsestores.aspx?N=135875	133371
iPods & MP3 Players	208133	/browsestores.aspx?N=208133	133371
Media	208163	/browsestores.aspx?N=208163	133246
More Consumer Electronics	133365	/browsestores.aspx?N=133365	133246
Photographic Accessories	208140	/browsestores.aspx?N=208140	133246
Portable Audio & Radio	133386	/browsestores.aspx?N=133386	133246
Telephones	208120	/browsestores.aspx?N=208120	133246
Corded Telephones	208121	/browsestores.aspx?N=208121	208120
Cordless Telephones	208122	/browsestores.aspx?N=208122	208120
Headsets	208124	/browsestores.aspx?N=208124	208120
Other Telephones	208126	/browsestores.aspx?N=208126	208120
Telephone Accessories	208125	/browsestores.aspx?N=208125	208120
Answering Machines	208123	/browsestores.aspx?N=208123	208120
Corded Telephones	208121	/browsestores.aspx?N=208121	208120
Cordless Telephones	208122	/browsestores.aspx?N=208122	208120
Headsets	208124	/browsestores.aspx?N=208124	208120
Other Telephones	208126	/browsestores.aspx?N=208126	208120
Telephone Accessories	208125	/browsestores.aspx?N=208125	208120
Televisions	133388	/browsestores.aspx?N=133388	133246
Conventional TVs	133976	/browsestores.aspx?N=133976	133388
Flat-Panel TVs	133982	/browsestores.aspx?N=133982	133388
Other Televisions	133983	/browsestores.aspx?N=133983	133388
Television Remote Controls	208131	/browsestores.aspx?N=208131	133388
TV Mounts and Accessories	208132	/browsestores.aspx?N=208132	133388
Conventional TVs	133976	/browsestores.aspx?N=133976	133388
Flat-Panel TVs	133982	/browsestores.aspx?N=133982	133388
Other Televisions	133983	/browsestores.aspx?N=133983	133388
Portable TVs	208130	/browsestores.aspx?N=208130	133388
Television Remote Controls	208131	/browsestores.aspx?N=208131	133388
TV Mounts and Accessories	208132	/browsestores.aspx?N=208132	133388
Two Way Radios	133390	/browsestores.aspx?N=133390	133246
Other Two-Way Radios	134760	/browsestores.aspx?N=134760	133390
Radio Scanners	208127	/browsestores.aspx?N=208127	133390
Video Games & Systems	133392	/browsestores.aspx?N=133392	133246
Games: PlayStation 2	282002	/browsestores.aspx?N=282002	133392
Games: Xbox	282004	/browsestores.aspx?N=282004	133392
Games: Xbox 360	282003	/browsestores.aspx?N=282003	133392
Video Game Accessories	134765	/browsestores.aspx?N=134765	133392
Video Game Systems	134764	/browsestores.aspx?N=134764	133392
Game Boy Advance Games	281998	/browsestores.aspx?N=281998	133392
Games: Game Cube	281999	/browsestores.aspx?N=281999	133392
Games: Nintendo DS	282000	/browsestores.aspx?N=282000	133392
Games: Nintendo Wii	308069	/browsestores.aspx?N=308069	133392
Games: Play Station 3	308068	/browsestores.aspx?N=308068	133392
Games: PlayStation 2	282002	/browsestores.aspx?N=282002	133392
Games: Xbox	282004	/browsestores.aspx?N=282004	133392
Games: Xbox 360	282003	/browsestores.aspx?N=282003	133392
Other Video Systems	134767	/browsestores.aspx?N=134767	133392
Video Game Accessories	134765	/browsestores.aspx?N=134765	133392
Video Game Systems	134764	/browsestores.aspx?N=134764	133392
Featured Items	14424315	/browsestores.aspx?N=14424315	null
Flowers and Gifts	133235	/browsestores.aspx?N=133235	null
Flowers and Plants	133339	/browsestores.aspx?N=133339	133235
Gifts and Collectibles	14391302	/browsestores.aspx?N=14391302	133235
Furniture	133234	/browsestores.aspx?N=133234	null
Bedroom Furniture	133327	/browsestores.aspx?N=133327	133234
Children's Rooms & Nurseries	133329	/browsestores.aspx?N=133329	133234
Office	302906	/browsestores.aspx?N=302906	133234
Other Furniture	133336	/browsestores.aspx?N=133336	133234
Outdoor & Patio	310408	/browsestores.aspx?N=310408	133234
Bathroom	133326	/browsestores.aspx?N=133326	133234
Bedroom Furniture	133327	/browsestores.aspx?N=133327	133234
Children's Rooms & Nurseries	133329	/browsestores.aspx?N=133329	133234
Clocks	133331	/browsestores.aspx?N=133331	133234
Dining Room Furniture	133332	/browsestores.aspx?N=133332	133234
Entertainment Room	310407	/browsestores.aspx?N=310407	133234
Kitchen	133333	/browsestores.aspx?N=133333	133234
Living Room	133334	/browsestores.aspx?N=133334	133234
Mattresses	133335	/browsestores.aspx?N=133335	133234
Office	302906	/browsestores.aspx?N=302906	133234
Other Furniture	133336	/browsestores.aspx?N=133336	133234
Outdoor & Patio	310408	/browsestores.aspx?N=310408	133234
Beverages	133306	/browsestores.aspx?N=133306	133251
Coffee & Tea	135309	/browsestores.aspx?N=135309	133306
Juice	135311	/browsestores.aspx?N=135311	133306
Sport Drinks	135312	/browsestores.aspx?N=135312	133306
Water	135307	/browsestores.aspx?N=135307	133306
Wine & Spirits	14391278	/browsestores.aspx?N=14391278	133306
Coffee & Tea	135309	/browsestores.aspx?N=135309	133306
Drink Mixes	135310	/browsestores.aspx?N=135310	133306
Juice	135311	/browsestores.aspx?N=135311	133306
Soda Pop	135306	/browsestores.aspx?N=135306	133306
Sport Drinks	135312	/browsestores.aspx?N=135312	133306
Water	135307	/browsestores.aspx?N=135307	133306
Wine & Spirits	14391278	/browsestores.aspx?N=14391278	133306
Cleaning Supplies	133304	/browsestores.aspx?N=133304	133251
Air Fresheners	135582	/browsestores.aspx?N=135582	133304
Carpet Cleaners	239342	/browsestores.aspx?N=239342	133304
Disinfectants and Sanitizers	135591	/browsestores.aspx?N=135591	133304
Glass Cleaners	135595	/browsestores.aspx?N=135595	133304
Other Cleaning	135721	/browsestores.aspx?N=135721	133304
Air Fresheners	135582	/browsestores.aspx?N=135582	133304
Carpet Cleaners	239342	/browsestores.aspx?N=239342	133304
Cleaners & Degreasers	135586	/browsestores.aspx?N=135586	133304
Disinfectants and Sanitizers	135591	/browsestores.aspx?N=135591	133304
Glass Cleaners	135595	/browsestores.aspx?N=135595	133304
Metal Polishes	240568	/browsestores.aspx?N=240568	133304
Mops and Dusters	135720	/browsestores.aspx?N=135720	133304
Other Cleaning	135721	/browsestores.aspx?N=135721	133304
Rags and Wipes	135723	/browsestores.aspx?N=135723	133304
Scouring Powders	135724	/browsestores.aspx?N=135724	133304
Soap & Soap Dispensers	135725	/browsestores.aspx?N=135725	133304
Supplies	135727	/browsestores.aspx?N=135727	133304
Wipes	135728	/browsestores.aspx?N=135728	133304
Household Products	133305	/browsestores.aspx?N=133305	133251
Bathroom Tissue & Facial Tissue	135730	/browsestores.aspx?N=135730	133305
Food Wrap, Containers & Storage Bags	135731	/browsestores.aspx?N=135731	133305
Laundry Supplies	135733	/browsestores.aspx?N=135733	133305
Miscellaneous Household Products	135735	/browsestores.aspx?N=135735	133305
Napkins & Paper Towels	135736	/browsestores.aspx?N=135736	133305
Bathroom Tissue & Facial Tissue	135730	/browsestores.aspx?N=135730	133305
Food Wrap, Containers & Storage Bags	135731	/browsestores.aspx?N=135731	133305
Laundry Supplies	135733	/browsestores.aspx?N=135733	133305
Light Bulbs	135734	/browsestores.aspx?N=135734	133305
Miscellaneous Household Products	135735	/browsestores.aspx?N=135735	133305
Napkins & Paper Towels	135736	/browsestores.aspx?N=135736	133305
Paper Cups & Plates	135737	/browsestores.aspx?N=135737	133305
Trash Cans & Bags	135738	/browsestores.aspx?N=135738	133305
Meat & Poultry	133315	/browsestores.aspx?N=133315	133251
Beef	135099	/browsestores.aspx?N=135099	133315
Hotdogs & Brats	135100	/browsestores.aspx?N=135100	133315
Pork	135101	/browsestores.aspx?N=135101	133315
Poultry	135102	/browsestores.aspx?N=135102	133315
Sausage	135103	/browsestores.aspx?N=135103	133315
Beef	135099	/browsestores.aspx?N=135099	133315
Hotdogs & Brats	135100	/browsestores.aspx?N=135100	133315
Pork	135101	/browsestores.aspx?N=135101	133315
Poultry	135102	/browsestores.aspx?N=135102	133315
Sausage	135103	/browsestores.aspx?N=135103	133315
Veal & Lamb	135104	/browsestores.aspx?N=135104	133315
Snacks, Cakes & Desserts	133317	/browsestores.aspx?N=133317	133251
Candy	135954	/browsestores.aspx?N=135954	133317
Chocolate	135957	/browsestores.aspx?N=135957	133317
Crackers	135959	/browsestores.aspx?N=135959	133317
Nuts, Raisins & Dried Fruit	135960	/browsestores.aspx?N=135960	133317
Snack Bars	135955	/browsestores.aspx?N=135955	133317
Cakes & Pies	135953	/browsestores.aspx?N=135953	133317
Candy	135954	/browsestores.aspx?N=135954	133317
Chips & Pretzels	135956	/browsestores.aspx?N=135956	133317
Chocolate	135957	/browsestores.aspx?N=135957	133317
Cookies	135958	/browsestores.aspx?N=135958	133317
Crackers	135959	/browsestores.aspx?N=135959	133317
Gum	135963	/browsestores.aspx?N=135963	133317
Nuts, Raisins & Dried Fruit	135960	/browsestores.aspx?N=135960	133317
Popcorn	135961	/browsestores.aspx?N=135961	133317
Salsa & Dips	135962	/browsestores.aspx?N=135962	133317
Snack Bars	135955	/browsestores.aspx?N=135955	133317
Baby Food	133307	/browsestores.aspx?N=133307	133251
Formula	134858	/browsestores.aspx?N=134858	133307
Juices	262463	/browsestores.aspx?N=262463	133307
Baked Goods	133308	/browsestores.aspx?N=133308	133251
Bread	135095	/browsestores.aspx?N=135095	133308
Breakfast Pastries	262464	/browsestores.aspx?N=262464	133308
Buns & Rolls	135096	/browsestores.aspx?N=135096	133308
Cookies	262465	/browsestores.aspx?N=262465	133308
Muffins	135098	/browsestores.aspx?N=135098	133308
Bagels	135094	/browsestores.aspx?N=135094	133308
Bread	135095	/browsestores.aspx?N=135095	133308
Breakfast Pastries	262464	/browsestores.aspx?N=262464	133308
Buns & Rolls	135096	/browsestores.aspx?N=135096	133308
Cakes & Pies	135097	/browsestores.aspx?N=135097	133308
Cookies	262465	/browsestores.aspx?N=262465	133308
Muffins	135098	/browsestores.aspx?N=135098	133308
Baking, Oils & Spices	133318	/browsestores.aspx?N=133318	133251
Cooking Oil	135320	/browsestores.aspx?N=135320	133318
Marinades & Seasoning Packets	135317	/browsestores.aspx?N=135317	133318
Salt & Pepper	135315	/browsestores.aspx?N=135315	133318
Spices & Herbs	135314	/browsestores.aspx?N=135314	133318
Toppings	135322	/browsestores.aspx?N=135322	133318
Baking Mixes	204219	/browsestores.aspx?N=204219	133318
Bread & Muffin Mixes	135319	/browsestores.aspx?N=135319	133318
Cooking Oil	135320	/browsestores.aspx?N=135320	133318
Dessert Mixes & Frosting	135318	/browsestores.aspx?N=135318	133318
Flour & Sugar	135316	/browsestores.aspx?N=135316	133318
Marinades & Seasoning Packets	135317	/browsestores.aspx?N=135317	133318
Salt & Pepper	135315	/browsestores.aspx?N=135315	133318
Spices & Herbs	135314	/browsestores.aspx?N=135314	133318
Toppings	135322	/browsestores.aspx?N=135322	133318
Beer & Wine	133314	/browsestores.aspx?N=133314	133251
Beer	134862	/browsestores.aspx?N=134862	133314
Liquor	134868	/browsestores.aspx?N=134868	133314
Wine & Spirits	134867	/browsestores.aspx?N=134867	133314
Beverages	133306	/browsestores.aspx?N=133306	133251
Breakfast & Cereal	133309	/browsestores.aspx?N=133309	133251
Breakfast Bars & Pop Tarts	134861	/browsestores.aspx?N=134861	133309
Cereal	134859	/browsestores.aspx?N=134859	133309
Oatmeal	134860	/browsestores.aspx?N=134860	133309
Cleaning Supplies	133304	/browsestores.aspx?N=133304	133251
Dairy	133310	/browsestores.aspx?N=133310	133251
Cheese	134578	/browsestores.aspx?N=134578	133310
Cottage Cheese	134579	/browsestores.aspx?N=134579	133310
Cream Cheese	134580	/browsestores.aspx?N=134580	133310
Gelatin, Pudding & Desserts	134584	/browsestores.aspx?N=134584	133310
Milk	134583	/browsestores.aspx?N=134583	133310
Butter & Margarine	134577	/browsestores.aspx?N=134577	133310
Cheese	134578	/browsestores.aspx?N=134578	133310
Cottage Cheese	134579	/browsestores.aspx?N=134579	133310
Cream	262907	/browsestores.aspx?N=262907	133310
Cream Cheese	134580	/browsestores.aspx?N=134580	133310
Dips	134581	/browsestores.aspx?N=134581	133310
Eggs	134582	/browsestores.aspx?N=134582	133310
Gelatin, Pudding & Desserts	134584	/browsestores.aspx?N=134584	133310
Milk	134583	/browsestores.aspx?N=134583	133310
Sour Cream	134585	/browsestores.aspx?N=134585	133310
Yogurt	134586	/browsestores.aspx?N=134586	133310
Deli	133311	/browsestores.aspx?N=133311	133251
Cheese & Meats	134587	/browsestores.aspx?N=134587	133311
Prepared Foods	134588	/browsestores.aspx?N=134588	133311
Diet & Low-Carb	133323	/browsestores.aspx?N=133323	133251
Ethnic Food	133303	/browsestores.aspx?N=133303	133251
Flour Tortillas	135358	/browsestores.aspx?N=135358	133303
Taco Shells & Kits	135359	/browsestores.aspx?N=135359	133303
Fish & Seafood	133312	/browsestores.aspx?N=133312	133251
Fresh Fish	134589	/browsestores.aspx?N=134589	133312
Frozen Fillets	134590	/browsestores.aspx?N=134590	133312
Shellfish	134591	/browsestores.aspx?N=134591	133312
Frozen Foods	133313	/browsestores.aspx?N=133313	133251
Frozen Appetizers	262909	/browsestores.aspx?N=262909	133313
Frozen Bagels	134592	/browsestores.aspx?N=134592	133313
Frozen Entrees	134593	/browsestores.aspx?N=134593	133313
Frozen Pizza	134597	/browsestores.aspx?N=134597	133313
Ice Cream & Snacks	134596	/browsestores.aspx?N=134596	133313
Frozen Appetizers	262909	/browsestores.aspx?N=262909	133313
Frozen Bagels	134592	/browsestores.aspx?N=134592	133313
Frozen Entrees	134593	/browsestores.aspx?N=134593	133313
Frozen French Fries & Potatoes	262910	/browsestores.aspx?N=262910	133313
Frozen Pizza	134597	/browsestores.aspx?N=134597	133313
Frozen Vegetables	134595	/browsestores.aspx?N=134595	133313
Ice Cream & Snacks	134596	/browsestores.aspx?N=134596	133313
Gourmet  Foods	133322	/browsestores.aspx?N=133322	133251
Olives	262468	/browsestores.aspx?N=262468	133322
Specialty	290868	/browsestores.aspx?N=290868	133322
Grains, Pasta & Side Dishes	133321	/browsestores.aspx?N=133321	133251
Macaroni & Cheese	262911	/browsestores.aspx?N=262911	133321
Other Side Dishes	262912	/browsestores.aspx?N=262912	133321
Pasta & Sauces	135344	/browsestores.aspx?N=135344	133321
Rice, Beans & Grains	135345	/browsestores.aspx?N=135345	133321
Household Products	133305	/browsestores.aspx?N=133305	133251
Meat & Poultry	133315	/browsestores.aspx?N=133315	133251
Produce	133316	/browsestores.aspx?N=133316	133251
Fresh Fruit	134869	/browsestores.aspx?N=134869	133316
Fresh Vegetables	134870	/browsestores.aspx?N=134870	133316
Salad Mixes	134872	/browsestores.aspx?N=134872	133316
Salad Dressings, Condiments & Spreads	133319	/browsestores.aspx?N=133319	133251
Honey	135324	/browsestores.aspx?N=135324	133319
Jam & Jelly	135325	/browsestores.aspx?N=135325	133319
Peanut Butter	135331	/browsestores.aspx?N=135331	133319
Pickles & Relish	135328	/browsestores.aspx?N=135328	133319
Salad Dressing	135332	/browsestores.aspx?N=135332	133319
BBQ Sauce	135323	/browsestores.aspx?N=135323	133319
Honey	135324	/browsestores.aspx?N=135324	133319
Jam & Jelly	135325	/browsestores.aspx?N=135325	133319
Mayonnaise	135327	/browsestores.aspx?N=135327	133319
Miscellaneous Condiments	262467	/browsestores.aspx?N=262467	133319
Peanut Butter	135331	/browsestores.aspx?N=135331	133319
Pickles & Relish	135328	/browsestores.aspx?N=135328	133319
Salad Dressing	135332	/browsestores.aspx?N=135332	133319
Soy Sauce	135334	/browsestores.aspx?N=135334	133319
Steak Sauce	135329	/browsestores.aspx?N=135329	133319
Snacks, Cakes & Desserts	133317	/browsestores.aspx?N=133317	133251
Soups & Canned Goods	133320	/browsestores.aspx?N=133320	133251
Canned Fruit	135343	/browsestores.aspx?N=135343	133320
Canned Sauces & Gravy	135338	/browsestores.aspx?N=135338	133320
Canned Soup	135335	/browsestores.aspx?N=135335	133320
Canned Stew & Meals	135339	/browsestores.aspx?N=135339	133320
Tuna, Canned & Packaged	135337	/browsestores.aspx?N=135337	133320
Canned Beans	135342	/browsestores.aspx?N=135342	133320
Canned Fruit	135343	/browsestores.aspx?N=135343	133320
Canned Sauces & Gravy	135338	/browsestores.aspx?N=135338	133320
Canned Soup	135335	/browsestores.aspx?N=135335	133320
Canned Stew & Meals	135339	/browsestores.aspx?N=135339	133320
Canned Vegetables	135336	/browsestores.aspx?N=135336	133320
Soup Mixes	135341	/browsestores.aspx?N=135341	133320
Tuna, Canned & Packaged	135337	/browsestores.aspx?N=135337	133320
Health & Beauty	133241	/browsestores.aspx?N=133241	null
Cosmetics	133497	/browsestores.aspx?N=133497	133241
Eye Cosmetics	136016	/browsestores.aspx?N=136016	133497
Eyes	341259	/browsestores.aspx?N=341259	133497
Face	341258	/browsestores.aspx?N=341258	133497
Nails	341261	/browsestores.aspx?N=341261	133497
Tools	341262	/browsestores.aspx?N=341262	133497
Cosmetic Kits	136019	/browsestores.aspx?N=136019	133497
Eye Cosmetics	136016	/browsestores.aspx?N=136016	133497
Eyes	341259	/browsestores.aspx?N=341259	133497
Face	341258	/browsestores.aspx?N=341258	133497
Lips	341260	/browsestores.aspx?N=341260	133497
Lipsticks & Liners	136017	/browsestores.aspx?N=136017	133497
Makeup Tools	136018	/browsestores.aspx?N=136018	133497
Nails	341261	/browsestores.aspx?N=341261	133497
Tools	341262	/browsestores.aspx?N=341262	133497
Face & Skin	133498	/browsestores.aspx?N=133498	133241
Facial Moisturizers	134180	/browsestores.aspx?N=134180	133498
Hand Soap	263043	/browsestores.aspx?N=263043	133498
Skin Medications	263341	/browsestores.aspx?N=263341	133498
Skin Moisturizers	134178	/browsestores.aspx?N=134178	133498
Skin Treatments	263044	/browsestores.aspx?N=263044	133498
Blushes	134174	/browsestores.aspx?N=134174	133498
Concealers	134176	/browsestores.aspx?N=134176	133498
Deodorant & Antiperspirant	134172	/browsestores.aspx?N=134172	133498
Facial Masks	134181	/browsestores.aspx?N=134181	133498
Facial Moisturizers	134180	/browsestores.aspx?N=134180	133498
Facial Powders	134179	/browsestores.aspx?N=134179	133498
Foundations	134177	/browsestores.aspx?N=134177	133498
Hand Soap	263043	/browsestores.aspx?N=263043	133498
Miscellaneous Face & Skin Products	134185	/browsestores.aspx?N=134185	133498
Self-Tanners	134173	/browsestores.aspx?N=134173	133498
Shaving Skin Care	263042	/browsestores.aspx?N=263042	133498
Skin Cleansers	134175	/browsestores.aspx?N=134175	133498
Skin Medications	263341	/browsestores.aspx?N=263341	133498
Skin Moisturizers	134178	/browsestores.aspx?N=134178	133498
Skin Treatments	263044	/browsestores.aspx?N=263044	133498
Specialty Soaps	134182	/browsestores.aspx?N=134182	133498
Sunblocks & Tanning Oils	134184	/browsestores.aspx?N=134184	133498
Hair Care & Accessories	133500	/browsestores.aspx?N=133500	133241
Conditioners	134191	/browsestores.aspx?N=134191	133500
Hair Color & Highlights	134192	/browsestores.aspx?N=134192	133500
Hair Dryers	134189	/browsestores.aspx?N=134189	133500
Hair Styling Products	134188	/browsestores.aspx?N=134188	133500
Shampoos	134190	/browsestores.aspx?N=134190	133500
Conditioners	134191	/browsestores.aspx?N=134191	133500
Hair Accessories	134194	/browsestores.aspx?N=134194	133500
Hair Brushes & Combs	134187	/browsestores.aspx?N=134187	133500
Hair Color & Highlights	134192	/browsestores.aspx?N=134192	133500
Hair Dryers	134189	/browsestores.aspx?N=134189	133500
Hair Styling Products	134188	/browsestores.aspx?N=134188	133500
Shampoos	134190	/browsestores.aspx?N=134190	133500
Styling Irons and Hot Rollers	134193	/browsestores.aspx?N=134193	133500
Health Care	133503	/browsestores.aspx?N=133503	133241
Diet & Nutrition	134713	/browsestores.aspx?N=134713	133503
Family Planning	134716	/browsestores.aspx?N=134716	133503
Smoking Cessation	134714	/browsestores.aspx?N=134714	133503
Stomach	134715	/browsestores.aspx?N=134715	133503
Thermometers	134709	/browsestores.aspx?N=134709	133503
Diet & Nutrition	134713	/browsestores.aspx?N=134713	133503
Family Planning	134716	/browsestores.aspx?N=134716	133503
Hearing Aids & Accessories	134708	/browsestores.aspx?N=134708	133503
Miscellaneous Health Care Items	134712	/browsestores.aspx?N=134712	133503
Smoking Cessation	134714	/browsestores.aspx?N=134714	133503
Stomach	134715	/browsestores.aspx?N=134715	133503
Thermometers	134709	/browsestores.aspx?N=134709	133503
Personal Hygiene	133487	/browsestores.aspx?N=133487	133241
Bath & Body Products	135350	/browsestores.aspx?N=135350	133487
Deodorant & Antiperspirant	135347	/browsestores.aspx?N=135347	133487
Feminine Products	135346	/browsestores.aspx?N=135346	133487
Gloves	135351	/browsestores.aspx?N=135351	133487
Hemorrhoid Relief Items	135353	/browsestores.aspx?N=135353	133487
Bath & Body Products	135350	/browsestores.aspx?N=135350	133487
Deodorant & Antiperspirant	135347	/browsestores.aspx?N=135347	133487
Feminine Products	135346	/browsestores.aspx?N=135346	133487
Gloves	135351	/browsestores.aspx?N=135351	133487
Hand Soap	135349	/browsestores.aspx?N=135349	133487
Hemorrhoid Relief Items	135353	/browsestores.aspx?N=135353	133487
Allergy, Sinus, & Asthma	133481	/browsestores.aspx?N=133481	133241
Cosmetics	133497	/browsestores.aspx?N=133497	133241
Cough & Cold Remedies	133480	/browsestores.aspx?N=133480	133241
Dental Hygiene	133501	/browsestores.aspx?N=133501	133241
Denture Care	262916	/browsestores.aspx?N=262916	133501
Mouthwash	134701	/browsestores.aspx?N=134701	133501
Tooth Whitening	262915	/browsestores.aspx?N=262915	133501
Toothbrushes	134696	/browsestores.aspx?N=134696	133501
Toothpaste	134700	/browsestores.aspx?N=134700	133501
Breath Fresheners	134702	/browsestores.aspx?N=134702	133501
Dental Floss	134699	/browsestores.aspx?N=134699	133501
Denture Care	262916	/browsestores.aspx?N=262916	133501
Miscellaneous Dental Tools	134698	/browsestores.aspx?N=134698	133501
Mouthwash	134701	/browsestores.aspx?N=134701	133501
Tooth Whitening	262915	/browsestores.aspx?N=262915	133501
Toothbrushes	134696	/browsestores.aspx?N=134696	133501
Toothpaste	134700	/browsestores.aspx?N=134700	133501
Diabetes Care	133489	/browsestores.aspx?N=133489	133241
Ear & Eye Care	133482	/browsestores.aspx?N=133482	133241
Ear Drops	263046	/browsestores.aspx?N=263046	133482
Eye Care & Medications	263049	/browsestores.aspx?N=263049	133482
Eye Drops	263048	/browsestores.aspx?N=263048	133482
Exercise & Fitness	133490	/browsestores.aspx?N=133490	133241
Heart Monitors	136009	/browsestores.aspx?N=136009	133490
Scales	136012	/browsestores.aspx?N=136012	133490
Face & Skin	133498	/browsestores.aspx?N=133498	133241
First Aid Products & Kits	133483	/browsestores.aspx?N=133483	133241
Anti-Itch Relief	263053	/browsestores.aspx?N=263053	133483
Antiseptics & Antibiotics	263050	/browsestores.aspx?N=263050	133483
Bandages, Dressings & Gauze	263051	/browsestores.aspx?N=263051	133483
First Aid Kits	263054	/browsestores.aspx?N=263054	133483
Foot Care	133491	/browsestores.aspx?N=133491	133241
Cushions & Insoles	135368	/browsestores.aspx?N=135368	133491
Pain Relief Products	135371	/browsestores.aspx?N=135371	133491
Fragrances	133506	/browsestores.aspx?N=133506	133241
Men's Fragrances	136253	/browsestores.aspx?N=136253	133506
Women's Fragrances	136254	/browsestores.aspx?N=136254	133506
Hair Care & Accessories	133500	/browsestores.aspx?N=133500	133241
Hair Trimmers & Removers	133502	/browsestores.aspx?N=133502	133241
Bleaches	134706	/browsestores.aspx?N=134706	133502
Depilatory Creams	134705	/browsestores.aspx?N=134705	133502
Waxing Systems	134704	/browsestores.aspx?N=134704	133502
Headache & Pain	133485	/browsestores.aspx?N=133485	133241
Pain Relief Creams	263066	/browsestores.aspx?N=263066	133485
Pain Relief Medications	263067	/browsestores.aspx?N=263067	133485
Health Care	133503	/browsestores.aspx?N=133503	133241
Health Care Devices	133496	/browsestores.aspx?N=133496	133241
Lifting Cushions	134911	/browsestores.aspx?N=134911	133496
Pillows & Neck Supports	134919	/browsestores.aspx?N=134919	133496
Walker & Accessories	134912	/browsestores.aspx?N=134912	133496
Wheelchairs Supplies	134913	/browsestores.aspx?N=134913	133496
Home Spa & Accessories	133486	/browsestores.aspx?N=133486	133241
Home Testing	133492	/browsestores.aspx?N=133492	133241
Incontinence Care	133493	/browsestores.aspx?N=133493	133241
Incontinence	135381	/browsestores.aspx?N=135381	133493
Pads & Liners	135465	/browsestores.aspx?N=135465	133493
Panties & Briefs	135466	/browsestores.aspx?N=135466	133493
Shields & Guards	135467	/browsestores.aspx?N=135467	133493
Medical Services	133507	/browsestores.aspx?N=133507	133241
Nail Care	133499	/browsestores.aspx?N=133499	133241
Nail Polishes	133912	/browsestores.aspx?N=133912	133499
Optical	133505	/browsestores.aspx?N=133505	133241
Other Health & Beauty	133509	/browsestores.aspx?N=133509	133241
Pain Relief	133494	/browsestores.aspx?N=133494	133241
Personal Hygiene	133487	/browsestores.aspx?N=133487	133241
Shaving	133479	/browsestores.aspx?N=133479	133241
Electric Shavers & Hair Clippers	134959	/browsestores.aspx?N=134959	133479
Razors & Blades	134960	/browsestores.aspx?N=134960	133479
Shaving Cream	134958	/browsestores.aspx?N=134958	133479
Vitamins & Herbal Remedies	133484	/browsestores.aspx?N=133484	133241
Herbs	263344	/browsestores.aspx?N=263344	133484
Nutritional Supplements	263343	/browsestores.aspx?N=263343	133484
Vitamins	263342	/browsestores.aspx?N=263342	133484
Home & Garden	133257	/browsestores.aspx?N=133257	null
Home Furnishings	133562	/browsestores.aspx?N=133562	133257
Decorative Items	135490	/browsestores.aspx?N=135490	133562
Floral	135485	/browsestores.aspx?N=135485	133562
Other Home Furnishings	135492	/browsestores.aspx?N=135492	133562
Photo Frames & Albums	135493	/browsestores.aspx?N=135493	133562
Rugs	237372	/browsestores.aspx?N=237372	133562
Art	135487	/browsestores.aspx?N=135487	133562
Baskets	237370	/browsestores.aspx?N=237370	133562
Candles & Accessories	237369	/browsestores.aspx?N=237369	133562
Decorative Items	135490	/browsestores.aspx?N=135490	133562
Desk & Table Lamps	237090	/browsestores.aspx?N=237090	133562
Fireplace Accessories	237927	/browsestores.aspx?N=237927	133562
Floor Lamps	237371	/browsestores.aspx?N=237371	133562
Floral	135485	/browsestores.aspx?N=135485	133562
Mirrors	166373	/browsestores.aspx?N=166373	133562
Other Home Furnishings	135492	/browsestores.aspx?N=135492	133562
Other Lamps & Accessories	263392	/browsestores.aspx?N=263392	133562
Photo Frames & Albums	135493	/browsestores.aspx?N=135493	133562
Rugs	237372	/browsestores.aspx?N=237372	133562
Table Linens	135495	/browsestores.aspx?N=135495	133562
Vases	237929	/browsestores.aspx?N=237929	133562
Wall Shelves, Hooks & Racks	237928	/browsestores.aspx?N=237928	133562
Kitchenware & Cookware	237373	/browsestores.aspx?N=237373	133257
Cutlery	237931	/browsestores.aspx?N=237931	237373
Drinkware	237376	/browsestores.aspx?N=237376	237373
Gadgets, Tools & Utensils	237941	/browsestores.aspx?N=237941	237373
Organization & Storage	237943	/browsestores.aspx?N=237943	237373
Pots & Pans	239338	/browsestores.aspx?N=239338	237373
Bakewear	237930	/browsestores.aspx?N=237930	237373
Bowls	237375	/browsestores.aspx?N=237375	237373
Cutlery	237931	/browsestores.aspx?N=237931	237373
Dinnerware Sets	237374	/browsestores.aspx?N=237374	237373
Dishes & Plates	237940	/browsestores.aspx?N=237940	237373
Drinkware	237376	/browsestores.aspx?N=237376	237373
Flatware	237377	/browsestores.aspx?N=237377	237373
Gadgets, Tools & Utensils	237941	/browsestores.aspx?N=237941	237373
Kitchen Linens	237942	/browsestores.aspx?N=237942	237373
Miscellaneous Kitchenware	240333	/browsestores.aspx?N=240333	237373
Organization & Storage	237943	/browsestores.aspx?N=237943	237373
Pots & Pans	239338	/browsestores.aspx?N=239338	237373
Serveware	237944	/browsestores.aspx?N=237944	237373
Outdoor Accessories	133568	/browsestores.aspx?N=133568	133257
Bird Houses, Feeders & Baths	237380	/browsestores.aspx?N=237380	133568
Garden Ponds & Accessories	135913	/browsestores.aspx?N=135913	133568
Insect Repellent Sprays & Accessories	135915	/browsestores.aspx?N=135915	133568
Landscape Lighting & Decorations	135916	/browsestores.aspx?N=135916	133568
Other Outdoor Accessories	135918	/browsestores.aspx?N=135918	133568
Pet Supplies	14391300	/browsestores.aspx?N=14391300	133257
Small Appliances	237360	/browsestores.aspx?N=237360	133257
Clothing Irons & Accessories	237362	/browsestores.aspx?N=237362	237360
Coffee Makers & Espresso Machines	237914	/browsestores.aspx?N=237914	237360
Microwave Ovens	237363	/browsestores.aspx?N=237363	237360
Mixers	237920	/browsestores.aspx?N=237920	237360
Other Small Appliances	237910	/browsestores.aspx?N=237910	237360
Blenders	237909	/browsestores.aspx?N=237909	237360
Bread Machines	237911	/browsestores.aspx?N=237911	237360
Clothing Irons & Accessories	237362	/browsestores.aspx?N=237362	237360
Coffee Grinders	237913	/browsestores.aspx?N=237913	237360
Coffee Makers & Espresso Machines	237914	/browsestores.aspx?N=237914	237360
Crock Pots & Slow Cookers	237915	/browsestores.aspx?N=237915	237360
Deep Fryers	237916	/browsestores.aspx?N=237916	237360
Electric Knives & Slicers	237917	/browsestores.aspx?N=237917	237360
Fans	237361	/browsestores.aspx?N=237361	237360
Food Processors	237918	/browsestores.aspx?N=237918	237360
Microwave Ovens	237363	/browsestores.aspx?N=237363	237360
Mixers	237920	/browsestores.aspx?N=237920	237360
Other Small Appliances	237910	/browsestores.aspx?N=237910	237360
Rotisseries	258797	/browsestores.aspx?N=258797	237360
Toasters & Toaster Ovens	237921	/browsestores.aspx?N=237921	237360
Waffle Makers	14391279	/browsestores.aspx?N=14391279	237360
Water Dispensers	237365	/browsestores.aspx?N=237365	237360
Barware	237368	/browsestores.aspx?N=237368	133257
Barware Sets	237926	/browsestores.aspx?N=237926	237368
Wine & Ice Buckets	237925	/browsestores.aspx?N=237925	237368
Bed & Bath	133561	/browsestores.aspx?N=133561	133257
Bath Towels & Mats	136077	/browsestores.aspx?N=136077	133561
Bathroom Accessories	136078	/browsestores.aspx?N=136078	133561
Mattress Pads	136091	/browsestores.aspx?N=136091	133561
Pillows & Cushions	136093	/browsestores.aspx?N=136093	133561
Sheets	136096	/browsestores.aspx?N=136096	133561
Air Beds	136081	/browsestores.aspx?N=136081	133561
Bath Collections	136074	/browsestores.aspx?N=136074	133561
Bath Coordinates	136075	/browsestores.aspx?N=136075	133561
Bath Towels & Mats	136077	/browsestores.aspx?N=136077	133561
Bathroom Accessories	136078	/browsestores.aspx?N=136078	133561
Bedding Collections	136082	/browsestores.aspx?N=136082	133561
Bedskirts	237367	/browsestores.aspx?N=237367	133561
Blankets & Throws	136083	/browsestores.aspx?N=136083	133561
Clothes Hampers	136088	/browsestores.aspx?N=136088	133561
Comforters	136095	/browsestores.aspx?N=136095	133561
Featherbeds	136086	/browsestores.aspx?N=136086	133561
Kids' Bath	136089	/browsestores.aspx?N=136089	133561
Kids' Room	136090	/browsestores.aspx?N=136090	133561
Mattress Pads	136091	/browsestores.aspx?N=136091	133561
Miscellaneous Bed & Bath Linens	136092	/browsestores.aspx?N=136092	133561
Pillows & Cushions	136093	/browsestores.aspx?N=136093	133561
Quilts & Coverlets	136094	/browsestores.aspx?N=136094	133561
Sheets	136096	/browsestores.aspx?N=136096	133561
Shower Curtains & Liners	136097	/browsestores.aspx?N=136097	133561
Craft Supplies	14391301	/browsestores.aspx?N=14391301	133257
Home Furnishings	133562	/browsestores.aspx?N=133562	133257
Housewares	133560	/browsestores.aspx?N=133560	133257
Ceramicware	135150	/browsestores.aspx?N=135150	133560
China	135151	/browsestores.aspx?N=135151	133560
Crystal	135152	/browsestores.aspx?N=135152	133560
Glassware	135157	/browsestores.aspx?N=135157	133560
Silverware	135161	/browsestores.aspx?N=135161	133560
Kitchenware & Cookware	237373	/browsestores.aspx?N=237373	133257
Large Appliances	133559	/browsestores.aspx?N=133559	133257
Dryers	136056	/browsestores.aspx?N=136056	133559
Heaters	237919	/browsestores.aspx?N=237919	133559
Refrigerators	136067	/browsestores.aspx?N=136067	133559
Vacuum Cleaners	136071	/browsestores.aspx?N=136071	133559
Washing Machines	136072	/browsestores.aspx?N=136072	133559
Air Conditioners	136051	/browsestores.aspx?N=136051	133559
Air Purifiers	136050	/browsestores.aspx?N=136050	133559
Combo Washer Dryers	136053	/browsestores.aspx?N=136053	133559
Dehumidifiers & Accessories	136054	/browsestores.aspx?N=136054	133559
Dishwashers & Accessories	136055	/browsestores.aspx?N=136055	133559
Dryers	136056	/browsestores.aspx?N=136056	133559
Freezers	136059	/browsestores.aspx?N=136059	133559
Heaters	237919	/browsestores.aspx?N=237919	133559
Ranges	136066	/browsestores.aspx?N=136066	133559
Refrigerators	136067	/browsestores.aspx?N=136067	133559
Vacuum Cleaners	136071	/browsestores.aspx?N=136071	133559
Washing Machines	136072	/browsestores.aspx?N=136072	133559
Nursery Items	133566	/browsestores.aspx?N=133566	133257
Fertilizers, Compost & Mulch	135897	/browsestores.aspx?N=135897	133566
Grass Seed & Sod	135898	/browsestores.aspx?N=135898	133566
Pesticides & Weed Killer	135900	/browsestores.aspx?N=135900	133566
Plants, Trees, Shrubs	135901	/browsestores.aspx?N=135901	133566
Potting Soil & Planting Mix	135902	/browsestores.aspx?N=135902	133566
Other Lawn & Garden	133567	/browsestores.aspx?N=133567	133257
Miscellaneous Nursery Items	135906	/browsestores.aspx?N=135906	133567
Patios, Walkways & Borders	240566	/browsestores.aspx?N=240566	133567
Planters & Accessories	135907	/browsestores.aspx?N=135907	133567
Outdoor Accessories	133568	/browsestores.aspx?N=133568	133257
Outdoor Furniture	133569	/browsestores.aspx?N=133569	133257
Awnings & Canopies	135921	/browsestores.aspx?N=135921	133569
Chaise Lounges	237945	/browsestores.aspx?N=237945	133569
Porch & Lawn Furniture	135928	/browsestores.aspx?N=135928	133569
Umbrellas & Stands	135929	/browsestores.aspx?N=135929	133569
Outdoor Grills & Accessories	133563	/browsestores.aspx?N=133563	133257
Charcoal Grills	237690	/browsestores.aspx?N=237690	133563
Gas/Electric Grills	237691	/browsestores.aspx?N=237691	133563
Grill Tools & Accessories	237692	/browsestores.aspx?N=237692	133563
Smokers	237888	/browsestores.aspx?N=237888	133563
Pest Control & Exterminators	133571	/browsestores.aspx?N=133571	133257
Pet Supplies	14391300	/browsestores.aspx?N=14391300	133257
Pools, Saunas & Spas	133558	/browsestores.aspx?N=133558	133257
Small Appliances	237360	/browsestores.aspx?N=237360	133257
Tools & Equipment	133572	/browsestores.aspx?N=133572	133257
Carts & Wheelbarrows	135427	/browsestores.aspx?N=135427	133572
Leaf Blowers & Yard Vacs	135432	/browsestores.aspx?N=135432	133572
Miscellaneous Lawn & Garden Tools & Equipment	135434	/browsestores.aspx?N=135434	133572
Rakes	135436	/browsestores.aspx?N=135436	133572
Shovels, Spades and Scoopers	135439	/browsestores.aspx?N=135439	133572
Carts & Wheelbarrows	135427	/browsestores.aspx?N=135427	133572
Chain Saws	135428	/browsestores.aspx?N=135428	133572
Lawn Mowers & Accessories	237378	/browsestores.aspx?N=237378	133572
Leaf Blowers & Yard Vacs	135432	/browsestores.aspx?N=135432	133572
Long Handle Tools	135433	/browsestores.aspx?N=135433	133572
Miscellaneous Lawn & Garden Tools & Equipment	135434	/browsestores.aspx?N=135434	133572
Rakes	135436	/browsestores.aspx?N=135436	133572
Shovels, Spades and Scoopers	135439	/browsestores.aspx?N=135439	133572
Home Improvement, Remodeling and Repair	133247	/browsestores.aspx?N=133247	null
Carpet & Flooring	133770	/browsestores.aspx?N=133770	133247
Carpet Cleaners	134283	/browsestores.aspx?N=134283	133770
Carpeting & Accessories	134282	/browsestores.aspx?N=134282	133770
Floor Tile & Accessories	134289	/browsestores.aspx?N=134289	133770
Laminate Flooring	134290	/browsestores.aspx?N=134290	133770
Vinyl & Linoleum Flooring	134292	/browsestores.aspx?N=134292	133770
Hand & Power Tools	133787	/browsestores.aspx?N=133787	133247
Air Tools & Compressors	134961	/browsestores.aspx?N=134961	133787
Hand Tools	134966	/browsestores.aspx?N=134966	133787
Measuring & Marking	135106	/browsestores.aspx?N=135106	133787
Power Tools & Accessories	135121	/browsestores.aspx?N=135121	133787
Safety Equipment	135124	/browsestores.aspx?N=135124	133787
Air Tools & Compressors	134961	/browsestores.aspx?N=134961	133787
Hand Tools	134966	/browsestores.aspx?N=134966	133787
Measuring & Marking	135106	/browsestores.aspx?N=135106	133787
Miscellaneous Tools & Accessories	135110	/browsestores.aspx?N=135110	133787
Paint Sprayers	135111	/browsestores.aspx?N=135111	133787
Power Tools & Accessories	135121	/browsestores.aspx?N=135121	133787
Safety Equipment	135124	/browsestores.aspx?N=135124	133787
Shop Vacuums	135127	/browsestores.aspx?N=135127	133787
Tool Boxes & Chests	135130	/browsestores.aspx?N=135130	133787
Hardware & Building Supply	133775	/browsestores.aspx?N=133775	133247
Bricks & Blocks	134451	/browsestores.aspx?N=134451	133775
Fencing & Gates	263646	/browsestores.aspx?N=263646	133775
Glue & Adhesives	134457	/browsestores.aspx?N=134457	133775
Plumbing Supplies	133771	/browsestores.aspx?N=133771	133247
Storage	133778	/browsestores.aspx?N=133778	133247
Closet Accessories	134783	/browsestores.aspx?N=134783	133778
Closet Systems	134779	/browsestores.aspx?N=134779	133778
Miscellaneous Organizers & Storage	134784	/browsestores.aspx?N=134784	133778
Portable Storage	134780	/browsestores.aspx?N=134780	133778
Storage Containers & Boxes	263394	/browsestores.aspx?N=263394	133778
Closet Accessories	134783	/browsestores.aspx?N=134783	133778
Closet Systems	134779	/browsestores.aspx?N=134779	133778
Laundry Storage	263393	/browsestores.aspx?N=263393	133778
Miscellaneous Organizers & Storage	134784	/browsestores.aspx?N=134784	133778
Portable Storage	134780	/browsestores.aspx?N=134780	133778
Shelves & Organizers	134778	/browsestores.aspx?N=134778	133778
Storage Containers & Boxes	263394	/browsestores.aspx?N=263394	133778
Utility Cabinets	134781	/browsestores.aspx?N=134781	133778
Adhesives & Sealants	133783	/browsestores.aspx?N=133783	133247
Carpet & Flooring	133770	/browsestores.aspx?N=133770	133247
Doors & Windows	133774	/browsestores.aspx?N=133774	133247
Door Sets & Locks	134998	/browsestores.aspx?N=134998	133774
Storm & Screen Doors	134995	/browsestores.aspx?N=134995	133774
Windows	134990	/browsestores.aspx?N=134990	133774
Electrical Supply	133772	/browsestores.aspx?N=133772	133247
Ceiling Fans & Accessories	134331	/browsestores.aspx?N=134331	133772
Fluorescent Lighting	134335	/browsestores.aspx?N=134335	133772
Miscellaneous Interior Lighting	134329	/browsestores.aspx?N=134329	133772
Other Lighting	134362	/browsestores.aspx?N=134362	133772
Outdoor & Security Lighting	134325	/browsestores.aspx?N=134325	133772
Battery Chargers	134364	/browsestores.aspx?N=134364	133772
Ceiling Fans & Accessories	134331	/browsestores.aspx?N=134331	133772
Extension Cords	134334	/browsestores.aspx?N=134334	133772
Fluorescent Lighting	134335	/browsestores.aspx?N=134335	133772
Miscellaneous Interior Lighting	134329	/browsestores.aspx?N=134329	133772
Other Lighting	134362	/browsestores.aspx?N=134362	133772
Outdoor & Security Lighting	134325	/browsestores.aspx?N=134325	133772
Portable Fans	134333	/browsestores.aspx?N=134333	133772
Supplies	134356	/browsestores.aspx?N=134356	133772
Engines, Motors and Ventilation	133782	/browsestores.aspx?N=133782	133247
Hand & Power Tools	133787	/browsestores.aspx?N=133787	133247
Hardware & Building Supply	133775	/browsestores.aspx?N=133775	133247
Hardware & Tool Accessories	133786	/browsestores.aspx?N=133786	133247
Ladders & Scaffolding	135286	/browsestores.aspx?N=135286	133786
Nails	135275	/browsestores.aspx?N=135275	133786
Rope	135280	/browsestores.aspx?N=135280	133786
Kitchen & Bath	133766	/browsestores.aspx?N=133766	133247
Bathroom Cabinets	134427	/browsestores.aspx?N=134427	133766
Bathroom Faucets	134433	/browsestores.aspx?N=134433	133766
Countertops	134434	/browsestores.aspx?N=134434	133766
Kitchen & Bath Storage	134426	/browsestores.aspx?N=134426	133766
Kitchen Cabinets	134428	/browsestores.aspx?N=134428	133766
Bathroom Cabinets	134427	/browsestores.aspx?N=134427	133766
Bathroom Faucets	134433	/browsestores.aspx?N=134433	133766
Countertops	134434	/browsestores.aspx?N=134434	133766
Kitchen & Bath Storage	134426	/browsestores.aspx?N=134426	133766
Kitchen Cabinets	134428	/browsestores.aspx?N=134428	133766
Kitchen Faucets	134432	/browsestores.aspx?N=134432	133766
Lamps & Shades	133780	/browsestores.aspx?N=133780	133247
Miscellaneous Lamps	135453	/browsestores.aspx?N=135453	133780
Lumber & Drywall	133773	/browsestores.aspx?N=133773	133247
Measuring & Layout Tools	310819	/browsestores.aspx?N=310819	133247
Paints & Sealant Supplies	133767	/browsestores.aspx?N=133767	133247
Exterior Paints & Primers	133990	/browsestores.aspx?N=133990	133767
Exterior Stains & Waterproofing Finishes	134970	/browsestores.aspx?N=134970	133767
Interior Stains & Clear Finishes	133987	/browsestores.aspx?N=133987	133767
Paint Tools, Patch, & Repair Products	133991	/browsestores.aspx?N=133991	133767
Thinners, Strippers and Cleaners	134972	/browsestores.aspx?N=134972	133767
Exterior Paints & Primers	133990	/browsestores.aspx?N=133990	133767
Exterior Stains & Waterproofing Finishes	134970	/browsestores.aspx?N=134970	133767
Interior Paints & Primers	133989	/browsestores.aspx?N=133989	133767
Interior Stains & Clear Finishes	133987	/browsestores.aspx?N=133987	133767
Paint Brushes, Rollers, Poles, & Pads	134968	/browsestores.aspx?N=134968	133767
Paint Sprayers	263749	/browsestores.aspx?N=263749	133767
Paint Tools, Patch, & Repair Products	133991	/browsestores.aspx?N=133991	133767
Thinners, Strippers and Cleaners	134972	/browsestores.aspx?N=134972	133767
Plumbing Supplies	133771	/browsestores.aspx?N=133771	133247
Security	133779	/browsestores.aspx?N=133779	133247
Storage	133778	/browsestores.aspx?N=133778	133247
Window Treatments	133768	/browsestores.aspx?N=133768	133247
Curtains & Drapes	134445	/browsestores.aspx?N=134445	133768
Window Blinds & Shades	134446	/browsestores.aspx?N=134446	133768
Window Treatment Hardware	134447	/browsestores.aspx?N=134447	133768
Jewelry & Watches	133240	/browsestores.aspx?N=133240	null
Bracelets	237286	/browsestores.aspx?N=237286	133240
Earrings	237297	/browsestores.aspx?N=237297	133240
Other Jewelry	237311	/browsestores.aspx?N=237311	133240
Rings	237315	/browsestores.aspx?N=237315	133240
Watches	237321	/browsestores.aspx?N=237321	133240
Body Jewelry	237282	/browsestores.aspx?N=237282	133240
Bracelets	237286	/browsestores.aspx?N=237286	133240
Charms	309857	/browsestores.aspx?N=309857	133240
Earrings	237297	/browsestores.aspx?N=237297	133240
Jewelry Boxes	237300	/browsestores.aspx?N=237300	133240
Necklaces	309859	/browsestores.aspx?N=309859	133240
Other Jewelry	237311	/browsestores.aspx?N=237311	133240
Pendants	309858	/browsestores.aspx?N=309858	133240
Rings	237315	/browsestores.aspx?N=237315	133240
Watches	237321	/browsestores.aspx?N=237321	133240
Local Services	133239	/browsestores.aspx?N=133239	null
Dog Training	133664	/browsestores.aspx?N=133664	133239
Flowers, Florists , Flower Delivery & Flower Shops	133691	/browsestores.aspx?N=133691	133239
Internet Services & Providers	133856	/browsestores.aspx?N=133856	133239
Laminate Flooring & Hardwood Flooring	133714	/browsestores.aspx?N=133714	133239
Lawn Care	133640	/browsestores.aspx?N=133640	133239
Brake Repair & Brake Service	133615	/browsestores.aspx?N=133615	133239
Day Care & Child Care	133624	/browsestores.aspx?N=133624	133239
Dog Training	133664	/browsestores.aspx?N=133664	133239
Flowers, Florists , Flower Delivery & Flower Shops	133691	/browsestores.aspx?N=133691	133239
Internet Services & Providers	133856	/browsestores.aspx?N=133856	133239
Laminate Flooring & Hardwood Flooring	133714	/browsestores.aspx?N=133714	133239
Lawn Care	133640	/browsestores.aspx?N=133640	133239
Media	133244	/browsestores.aspx?N=133244	null
Books	133364	/browsestores.aspx?N=133364	133244
Music	133361	/browsestores.aspx?N=133361	133244
Video	133362	/browsestores.aspx?N=133362	133244
Musical Instruments & Accessories	14391276	/browsestores.aspx?N=14391276	null
Office	133242	/browsestores.aspx?N=133242	null
Office Machines	133513	/browsestores.aspx?N=133513	133242
Calculators	208171	/browsestores.aspx?N=208171	133513
Electronic Dictionaries and Translators	14391294	/browsestores.aspx?N=14391294	133513
Multimedia Projectors	14391293	/browsestores.aspx?N=14391293	133513
Shredders	133923	/browsestores.aspx?N=133923	133513
Voice Recorders and Transcribers	14391295	/browsestores.aspx?N=14391295	133513
Calculators	208171	/browsestores.aspx?N=208171	133513
Copiers	133920	/browsestores.aspx?N=133920	133513
Electronic Dictionaries and Translators	14391294	/browsestores.aspx?N=14391294	133513
Fax Machines	133921	/browsestores.aspx?N=133921	133513
Multimedia Projectors	14391293	/browsestores.aspx?N=14391293	133513
Shredders	133923	/browsestores.aspx?N=133923	133513
Voice Recorders and Transcribers	14391295	/browsestores.aspx?N=14391295	133513
Office Supplies	14391298	/browsestores.aspx?N=14391298	133242
Other Services	133261	/browsestores.aspx?N=133261	null
Security	133846	/browsestores.aspx?N=133846	133261
Shoes and Footwear	133256	/browsestores.aspx?N=133256	null
Boys' Shoes	307124	/browsestores.aspx?N=307124	133256
Girls' Shoes	307123	/browsestores.aspx?N=307123	133256
Men's Shoes	307121	/browsestores.aspx?N=307121	133256
Women's Shoes	307122	/browsestores.aspx?N=307122	133256
Special Offers	133253	/browsestores.aspx?N=133253	null
Coupons	133399	/browsestores.aspx?N=133399	133253
General Offers	265092	/browsestores.aspx?N=265092	133253
Gift Cards	133400	/browsestores.aspx?N=133400	133253
Rebates	133397	/browsestores.aspx?N=133397	133253
Sports, Fitness and Exercise	133245	/browsestores.aspx?N=133245	null
Camping & Hiking	133749	/browsestores.aspx?N=133749	133245
Backpacks, Camping & Hiking	133949	/browsestores.aspx?N=133949	133749
Camping & Hiking Accessories	133946	/browsestores.aspx?N=133946	133749
Camping Stoves & Cookware	260811	/browsestores.aspx?N=260811	133749
Ice Chests & Coolers	133952	/browsestores.aspx?N=133952	133749
Tents	133948	/browsestores.aspx?N=133948	133749
Backpacks, Camping & Hiking	133949	/browsestores.aspx?N=133949	133749
Binoculars	133950	/browsestores.aspx?N=133950	133749
Camping & Hiking Accessories	133946	/browsestores.aspx?N=133946	133749
Camping Lanterns & Lights	260813	/browsestores.aspx?N=260813	133749
Camping Stoves & Cookware	260811	/browsestores.aspx?N=260811	133749
Camping Tables & Chairs	260812	/browsestores.aspx?N=260812	133749
Ice Chests & Coolers	133952	/browsestores.aspx?N=133952	133749
Miscellaneous Camping & Hiking Equipment	133951	/browsestores.aspx?N=133951	133749
Sleeping Bags	133947	/browsestores.aspx?N=133947	133749
Tents	133948	/browsestores.aspx?N=133948	133749
Cycling	133753	/browsestores.aspx?N=133753	133245
Bicycle Frames	134087	/browsestores.aspx?N=134087	133753
Cycling Accessories	134079	/browsestores.aspx?N=134079	133753
Mountain Bikes	134081	/browsestores.aspx?N=134081	133753
Safety Gear	134089	/browsestores.aspx?N=134089	133753
Street Bikes	134083	/browsestores.aspx?N=134083	133753
Bicycle Frames	134087	/browsestores.aspx?N=134087	133753
Bike Parts	134088	/browsestores.aspx?N=134088	133753
Cycling Accessories	134079	/browsestores.aspx?N=134079	133753
Miscellaneous Cycling Equipment	134085	/browsestores.aspx?N=134085	133753
Mountain Bikes	134081	/browsestores.aspx?N=134081	133753
Safety Gear	134089	/browsestores.aspx?N=134089	133753
Street Bikes	134083	/browsestores.aspx?N=134083	133753
Football	133740	/browsestores.aspx?N=133740	133245
Football Accessories	133942	/browsestores.aspx?N=133942	133740
Football Helmets	133944	/browsestores.aspx?N=133944	133740
Footballs	133943	/browsestores.aspx?N=133943	133740
Protective Football Equipment	133945	/browsestores.aspx?N=133945	133740
Hunting	133764	/browsestores.aspx?N=133764	133245
Arrows	134755	/browsestores.aspx?N=134755	133764
Bows & Accessories	134743	/browsestores.aspx?N=134743	133764
Decoys & Blinds	134747	/browsestores.aspx?N=134747	133764
Hunting Accessories	134744	/browsestores.aspx?N=134744	133764
Knives / Tools	134749	/browsestores.aspx?N=134749	133764
Archery	134756	/browsestores.aspx?N=134756	133764
Arrows	134755	/browsestores.aspx?N=134755	133764
Bow Cases	134745	/browsestores.aspx?N=134745	133764
Bows & Accessories	134743	/browsestores.aspx?N=134743	133764
Crossbows	134746	/browsestores.aspx?N=134746	133764
Decoys & Blinds	134747	/browsestores.aspx?N=134747	133764
Firearms	134757	/browsestores.aspx?N=134757	133764
Gun Cases	134758	/browsestores.aspx?N=134758	133764
Hunting Accessories	134744	/browsestores.aspx?N=134744	133764
Hunting Ammunition	134741	/browsestores.aspx?N=134741	133764
Hunting Rifles & Shotguns	134740	/browsestores.aspx?N=134740	133764
Knives / Tools	134749	/browsestores.aspx?N=134749	133764
Miscellaneous Hunting Equipment	134742	/browsestores.aspx?N=134742	133764
Rangefinders & Scopes	134750	/browsestores.aspx?N=134750	133764
Treestands	134752	/browsestores.aspx?N=134752	133764
Personal Fitness	133758	/browsestores.aspx?N=133758	133245
Aerobics & Fitness Accessories	133956	/browsestores.aspx?N=133956	133758
Other Aerobics & Fitness Equipment & Accessories	133958	/browsestores.aspx?N=133958	133758
Treadmills	133960	/browsestores.aspx?N=133960	133758
Archery	310409	/browsestores.aspx?N=310409	133245
Baseball & Softball	133739	/browsestores.aspx?N=133739	133245
Basketball	133741	/browsestores.aspx?N=133741	133245
Boats, Kayaks & Rafts	310411	/browsestores.aspx?N=310411	133245
Bodybuilding & Weightlifting	133759	/browsestores.aspx?N=133759	133245
Barbells & Free Weights	134254	/browsestores.aspx?N=134254	133759
Home Gyms & Machines	134253	/browsestores.aspx?N=134253	133759
Bowling	133761	/browsestores.aspx?N=133761	133245
Boxing & Martial Arts	310413	/browsestores.aspx?N=310413	133245
Camping & Hiking	133749	/browsestores.aspx?N=133749	133245
Cycling	133753	/browsestores.aspx?N=133753	133245
Fishing	133750	/browsestores.aspx?N=133750	133245
Fishing Tackle Boxes	134239	/browsestores.aspx?N=134239	133750
Miscellaneous Fishing Equipment	134231	/browsestores.aspx?N=134231	133750
Football	133740	/browsestores.aspx?N=133740	133245
Golf	133743	/browsestores.aspx?N=133743	133245
Golf Balls	134227	/browsestores.aspx?N=134227	133743
Golf Carts	261346	/browsestores.aspx?N=261346	133743
Men's Golf Bags	134225	/browsestores.aspx?N=134225	133743
Men's Golf Clubs	134228	/browsestores.aspx?N=134228	133743
Women's Golf Bags	134226	/browsestores.aspx?N=134226	133743
Golf Accessories	134224	/browsestores.aspx?N=134224	133743
Golf Balls	134227	/browsestores.aspx?N=134227	133743
Golf Carts	261346	/browsestores.aspx?N=261346	133743
Golf Gloves	261345	/browsestores.aspx?N=261345	133743
Men's Golf Bags	134225	/browsestores.aspx?N=134225	133743
Men's Golf Clubs	134228	/browsestores.aspx?N=134228	133743
Women's Golf Bags	134226	/browsestores.aspx?N=134226	133743
Women's Golf Clubs	134229	/browsestores.aspx?N=134229	133743
Hunting	133764	/browsestores.aspx?N=133764	133245
Other Sports	133735	/browsestores.aspx?N=133735	133245
Personal Fitness	133758	/browsestores.aspx?N=133758	133245
Rollerskating & Inline Skating	133752	/browsestores.aspx?N=133752	133245
Skateboarding	133763	/browsestores.aspx?N=133763	133245
Soccer	133745	/browsestores.aspx?N=133745	133245
Swimming	133755	/browsestores.aspx?N=133755	133245
Inflatable Toys	134092	/browsestores.aspx?N=134092	133755
Swimming Pools & Accessories	134091	/browsestores.aspx?N=134091	133755
Volleyball	310426	/browsestores.aspx?N=310426	133245
Waterskiing & Wakeboarding	310429	/browsestores.aspx?N=310429	133245
Watersports	133756	/browsestores.aspx?N=133756	133245
Life Jackets & Life Preservers	134095	/browsestores.aspx?N=134095	133756
Tow Ropes & Accessories	134100	/browsestores.aspx?N=134100	133756
Wakeboards, Kneeboards, Skis & Towables	134103	/browsestores.aspx?N=134103	133756
Water Skis	134096	/browsestores.aspx?N=134096	133756
Wetsuits	134101	/browsestores.aspx?N=134101	133756
Life Jackets & Life Preservers	134095	/browsestores.aspx?N=134095	133756
Miscellaneous Water Skiing Equipment	134097	/browsestores.aspx?N=134097	133756
Tow Ropes & Accessories	134100	/browsestores.aspx?N=134100	133756
Wakeboards, Kneeboards, Skis & Towables	134103	/browsestores.aspx?N=134103	133756
Water Skis	134096	/browsestores.aspx?N=134096	133756
Wetsuits	134101	/browsestores.aspx?N=134101	133756
Toys & Games	133243	/browsestores.aspx?N=133243	null
Arts & Crafts Toys	311624	/browsestores.aspx?N=311624	133243
Electronic Toys	133537	/browsestores.aspx?N=133537	133243
Hand-Held Electronic Games	134051	/browsestores.aspx?N=134051	133537
Miscellaneous Electronic Toys	134052	/browsestores.aspx?N=134052	133537
Remote Control Toys	133535	/browsestores.aspx?N=133535	133243
Sports Toys	133546	/browsestores.aspx?N=133546	133243
Toy Baseball	134722	/browsestores.aspx?N=134722	133546
Toy Banks	133529	/browsestores.aspx?N=133529	133243
Action Figures & Accessories	133527	/browsestores.aspx?N=133527	133243
Arts & Crafts Toys	311624	/browsestores.aspx?N=311624	133243
Board Games, Cards & More	133538	/browsestores.aspx?N=133538	133243
Board Games	134053	/browsestores.aspx?N=134053	133538
Card Games	134054	/browsestores.aspx?N=134054	133538
Miscellaneous Games	134055	/browsestores.aspx?N=134055	133538
Building Sets, Blocks & Models	133534	/browsestores.aspx?N=133534	133243
K'NEX Toys	134218	/browsestores.aspx?N=134218	133534
LEGO Toys	134219	/browsestores.aspx?N=134219	133534
Miscellaneous Construction Toys	134220	/browsestores.aspx?N=134220	133534
Costumes	133554	/browsestores.aspx?N=133554	133243
Dolls & Dollhouses	133536	/browsestores.aspx?N=133536	133243
Dollhouses & Accessories	239343	/browsestores.aspx?N=239343	133536
Dolls	275341	/browsestores.aspx?N=275341	133536
Electronic Toys	133537	/browsestores.aspx?N=133537	133243
Learning Toys	133540	/browsestores.aspx?N=133540	133243
Model Kits	133542	/browsestores.aspx?N=133542	133243
Model Trains	133549	/browsestores.aspx?N=133549	133243
Musical Toys	275352	/browsestores.aspx?N=275352	133243
Other Toys	133526	/browsestores.aspx?N=133526	133243
Miscellaneous Toys	289670	/browsestores.aspx?N=289670	133526
Outdoor & Playground Toys	133528	/browsestores.aspx?N=133528	133243
Jungle Gyms & Monkey Bars	133930	/browsestores.aspx?N=133930	133528
Miscellaneous Outdoor Playsets	133934	/browsestores.aspx?N=133934	133528
Party Supplies & Inflatables	311625	/browsestores.aspx?N=311625	133243
Pretend Play	239344	/browsestores.aspx?N=239344	133243
Cooking & Baking	239345	/browsestores.aspx?N=239345	239344
Fashion & Beauty	239490	/browsestores.aspx?N=239490	239344
Puzzles	133544	/browsestores.aspx?N=133544	133243
Remote Control Toys	133535	/browsestores.aspx?N=133535	133243
Science & Nature	133545	/browsestores.aspx?N=133545	133243
Sports Toys	133546	/browsestores.aspx?N=133546	133243
Stuffed Animals & Puppets	133547	/browsestores.aspx?N=133547	133243
Toy Banks	133529	/browsestores.aspx?N=133529	133243
Tricycles & Other Riding Toys	133555	/browsestores.aspx?N=133555	133243
Vehicles & Raceways	133533	/browsestores.aspx?N=133533	133243
Miscellaneous Toy Cars & Trucks	133941	/browsestores.aspx?N=133941	133533
Travel & Luggage	133233	/browsestores.aspx?N=133233	null
Backpacks & Book Bags	311613	/browsestores.aspx?N=311613	133233
Business & Computer Cases	311617	/browsestores.aspx?N=311617	133233
Carry-Ons	311622	/browsestores.aspx?N=311622	133233
Suitcases	311618	/browsestores.aspx?N=311618	133233
Totes / Satchels	311615	/browsestores.aspx?N=311615	133233
Backpacks & Book Bags	311613	/browsestores.aspx?N=311613	133233
Business & Computer Cases	311617	/browsestores.aspx?N=311617	133233
Carry-Ons	311622	/browsestores.aspx?N=311622	133233
Garment Bags	311616	/browsestores.aspx?N=311616	133233
Luggage & Travel Accessories	133355	/browsestores.aspx?N=133355	133233
Luggage Sets	259337	/browsestores.aspx?N=259337	133233
Shoe Bags	311623	/browsestores.aspx?N=311623	133233
Suitcases	311618	/browsestores.aspx?N=311618	133233
Totes / Satchels	311615	/browsestores.aspx?N=311615	133233
Wheeled Duffle Bags	311621	/browsestores.aspx?N=311621	133233
